major,school,degree_levels,overview,source,career_or_training_note,source_page
Computer Science,School of Computing and Informatics,BSc / Technical,"Focuses on software development, algorithms, databases, operating systems, networking, web and application development, and computing projects.",ComputerScience_studyPlan(2).pdf,Includes practical and/or work-integrated learning depending on the programme.,study plan
Cyber Security,School of Computing and Informatics,BSc / Technical,"Focuses on networking, security, cryptography, secure systems, cyber defence, risk, and practical security skills.",Cybersecurity_studyplan(2).pdf,Includes practical and/or work-integrated learning depending on the programme.,study plan
Data Science and Artificial Intelligence,School of Computing and Informatics,BSc / Technical,"Focuses on programming, databases, business intelligence, statistics, data analytics, artificial intelligence, machine learning, and research projects.",DataScienceandArtificialIntelligence_studyplan(2).pdf,Includes practical and/or work-integrated learning depending on the programme.,study plan
Game Design and Development,School of Computing and Informatics,Technician,"Focuses on game design, interactive media, visual development, prototyping, scripting, and practical production skills.",GameDesign_studyplan(2).pdf,Includes practical and/or work-integrated learning depending on the programme.,study plan
Mechanical Engineering,School of Engineering Technology,BSc,"Develops skills in designing, modelling, analysing, building, and testing mechanical engineering systems, supported by practical projects and apprenticeship training.",Mechanical_StudyPlan 1(2).txt,Includes practical and/or work-integrated learning depending on the programme.,study plan
Industrial Engineering,School of Engineering Technology,BSc,"Focuses on operations research, production planning, quality control, manufacturing, data analytics, automation, logistics, supply chain, and Industry 4.0.",IE_StudyPlan 1(2).txt,Includes practical and/or work-integrated learning depending on the programme.,study plan
Energy Engineering,School of Engineering Technology,BSc / Technical,"Develops knowledge and practical skills for designing, analysing, and building energy systems using modern engineering and computing tools.",Energy_StudyPlan 1(2).txt,Includes practical and/or work-integrated learning depending on the programme.,study plan
Electrical Engineering,School of Engineering Technology,BSc / Technical,"Develops knowledge and practical skills in electrical systems, modelling, analysis, experiments, laboratories, simulations, and engineering design.",Electrical_StudyPlan 1(2).txt,Includes practical and/or work-integrated learning depending on the programme.,study plan
Architectural Engineering,School of Built Environment Engineering,BSc / Technical / Technician,"Combines architectural design, construction technology, digital fabrication, visualisation, studios, construction management and industry placement.",Architectural Engineering official study plans 2022/2023,"Includes studios, labs, workshops, fieldwork and placement in industry.",all
