chunk_id,category,title,text,language,major,source,status
seed_0000,admission,Admission,"Tawjihi applicants to Mechanical Engineering, Energy Engineering, Electrical Engineering, Architectural Engineering, and Cyber Security must satisfy the mathematics, physics, and general-average requirements. For the bachelor group shown in the admission policy, the minimum is 80 percent in each of the three conditions.",en,,HTU uploaded documents / generated seed summary,prototype
seed_0001,admission,Admission,"Tawjihi applicants to Computer Science, Data Science and Artificial Intelligence, and Industrial Engineering must satisfy all three academic conditions. The displayed minimum is 85 percent in mathematics, 85 percent in physics, and 85 percent in the general average.",en,,HTU uploaded documents / generated seed summary,prototype
seed_0002,admission,Admission,"The technical degree in Game Design and Development uses a minimum of 70 percent in mathematics, physics, and the general average, with all three conditions required.",en,,HTU uploaded documents / generated seed summary,prototype
seed_0003,computer_science,Computer Science,"The Computer Science study plan includes Functional Math, Maths for Computing, Fundamentals of Computing, Programming, Discrete Maths, Data Structures and Algorithms, Website Design and Development, Security, Advanced Programming, Software Development Lifecycles, Database Design and Development, and a Computing Research Project.",en,,HTU uploaded documents / generated seed summary,prototype
seed_0004,cybersecurity,Cybersecurity,"The Cybersecurity study plan includes Networking, Programming, Data Structures and Algorithms, Security, Cryptography, Network Security, Digital Forensics, Information Security Management, Database Design and Development, and a Computing Research Project.",en,,HTU uploaded documents / generated seed summary,prototype
seed_0005,data_science_ai,Data Science Ai,"The Data Science and Artificial Intelligence study plan includes Programming, Data Structures and Algorithms, Database Design and Development, Operating Systems, Business Intelligence, Artificial Intelligence and Intelligent Systems, Principles of Data Science and Computing Systems, Data Science Programming, Data Analytics, Data Mining, Modeling and Simulation, and Machine Learning.",en,,HTU uploaded documents / generated seed summary,prototype
seed_0006,mechanical,Mechanical,"Mechanical Engineering prepares students to apply science, mathematics, technology, and engineering fundamentals; design and conduct experiments; analyse results; design and build mechanical systems; use modern engineering tools; solve engineering problems; communicate effectively; and work in multidisciplinary teams.",en,,HTU uploaded documents / generated seed summary,prototype
seed_0007,electrical,Electrical,"Electrical Engineering prepares students to apply science, mathematics, technology, and engineering fundamentals to electrical applications. The programme emphasises experiments, modelling, practical electrical systems, modern engineering and computing tools, engineering problem solving, communication, and teamwork.",en,,HTU uploaded documents / generated seed summary,prototype
seed_0008,energy,Energy,"Energy Engineering prepares students to design, model, analyse, and build practical energy systems. It includes science, mathematics, experiments, modern engineering tools, problem solving, teamwork, sustainability awareness, entrepreneurship, and industry preparation.",en,,HTU uploaded documents / generated seed summary,prototype
seed_0009,industrial,Industrial,"Industrial Engineering focuses on operations research, production planning, quality control, manufacturing, data analytics, artificial intelligence, enterprise resource planning, Industry 4.0, logistics, supply chain, and business operations.",en,,HTU uploaded documents / generated seed summary,prototype
seed_0010,game_design,Game Design,"Game Design and Development is a technical programme with a 72-credit-hour study plan. It combines university requirements, college requirements, labour-market requirements, and specialisation requirements.",en,,HTU uploaded documents / generated seed summary,prototype
seed_0011,recommendation,Recommendation,The recommendation result is based on the student's interest features and must be checked against academic eligibility. A strong interest match does not override official admission requirements.,en,,HTU uploaded documents / generated seed summary,prototype
seed_0012,recommendation,Recommendation,The prototype can return a strongest interest match and compare it with the list of majors for which the student is academically eligible.,en,,HTU uploaded documents / generated seed summary,prototype
seed_0013,privacy,Privacy,"The prototype should avoid collecting unnecessary personal information. Student answers should be stored only when needed for recommendations, analytics, or user-requested history.",en,,HTU uploaded documents / generated seed summary,prototype
courses_0014,courses,Architectural Engineering courses,Courses currently indexed for Architectural Engineering: SEED-AE-001 — Architectural Design Fundamentals (3 credit hours; prerequisite: Prototype entry),en,Architectural Engineering,courses_seed.csv,prototype
courses_0015,courses,Computer Science courses,Courses currently indexed for Computer Science: 0040201100 — Programming (3 credit hours; prerequisite: Fundamentals of Computing); 0040201201 — Data Structures & Algorithms (3 credit hours; prerequisite: Programming); 0040201260 — Website Design & Development (3 credit hours; prerequisite: Programming); 0010204282 — Database Design & Development (3 credit hours; prerequisite: Programming),en,Computer Science,courses_seed.csv,prototype
courses_0016,courses,Cyber Security courses,Courses currently indexed for Cyber Security: 0010203340 — Cryptography (3 credit hours; prerequisite: Discrete Maths); 0010203210 — Network Security (3 credit hours; prerequisite: Security); 0010203361 — Forensics (3 credit hours; prerequisite: Computer Organization and Design; Security),en,Cyber Security,courses_seed.csv,prototype
courses_0017,courses,Data Science and Artificial Intelligence courses,Courses currently indexed for Data Science and Artificial Intelligence: 0010204250 — Artificial Intelligence & Intelligent Systems (3 credit hours; prerequisite: Maths for Computing); 0010204210 — Data Analytics (3 credit hours; prerequisite: Maths for Computing); 0000204430 — Data Mining (3 credit hours; prerequisite: Data Analytics); 0010204350 — Machine Learning (3 credit hours; prerequisite: See official study plan),en,Data Science and Artificial Intelligence,courses_seed.csv,prototype
courses_0018,courses,Electrical Engineering courses,Courses currently indexed for Electrical Engineering: 30303112 — Functional Physics (3 credit hours; prerequisite: nan); 00103110 — Engineering Math (4 credit hours; prerequisite: Functional Math),en,Electrical Engineering,courses_seed.csv,prototype
courses_0019,courses,Energy Engineering courses,Courses currently indexed for Energy Engineering: SEED-ENE-001 — Energy Systems (3 credit hours; prerequisite: Prototype entry),en,Energy Engineering,courses_seed.csv,prototype
courses_0020,courses,Game Design and Development courses,Courses currently indexed for Game Design and Development: SEED-GD-001 — Game Design Fundamentals (3 credit hours; prerequisite: Prototype entry),en,Game Design and Development,courses_seed.csv,prototype
courses_0021,courses,Industrial Engineering courses,Courses currently indexed for Industrial Engineering: SEED-IE-001 — Operations Research (3 credit hours; prerequisite: Prototype entry),en,Industrial Engineering,courses_seed.csv,prototype
courses_0022,courses,Mechanical Engineering courses,Courses currently indexed for Mechanical Engineering: SEED-ME-001 — Mechanical Systems and Design (3 credit hours; prerequisite: Prototype entry),en,Mechanical Engineering,courses_seed.csv,prototype
policy_0023,admission,General entry and scoring,"BSc minimum entry is generally 80%, while technical and technician degrees generally use 70%. Competitive assessment may include high-school GPA, mathematics, physics, interview, introductory video, admission tests, and bonus points for documented extracurricular activities.",en,,"Untitled document.pdf, pages 1-2",verified_extract
policy_0024,admission,Engineering Tawjihi requirements,"For Mechanical Engineering, Energy Engineering, Electrical Engineering and Industrial Engineering BSc, the listed Tawjihi minimums are 80% in mathematics, 80% in physics and 80% overall, with all three conditions required.",en,,"Untitled document.pdf, page 1",verified_extract
policy_0025,admission,IGCSE engineering requirements,"For the listed engineering BSc programmes, IGCSE requirements include grade B in mathematics, grade B in physics and 80% Tawjihi equivalency; permitted A-level/AS-level combinations are also specified.",en,,"Untitled document.pdf, page 2",verified_extract
policy_0026,admission,IB engineering requirements,"For the listed engineering BSc programmes, IB requirements are mathematics 5, physics 5 and 80% Tawjihi equivalency, with acceptable HL/SL combinations stated in the policy.",en,,"Untitled document.pdf, page 3",verified_extract
